﻿<?xml version="1.0" encoding="utf-8"?>
<helpItems schema="maml" xmlns="http://msh">
  <command:command xmlns:maml="http://schemas.microsoft.com/maml/2004/10" xmlns:command="http://schemas.microsoft.com/maml/dev/command/2004/10" xmlns:dev="http://schemas.microsoft.com/maml/dev/2004/10" xmlns:MSHelp="http://msdn.microsoft.com/mshelp">
    <command:details>
      <command:name>Convert-PS2Bat</command:name>
      <command:verb>Convert</command:verb>
      <command:noun>PS2Bat</command:noun>
      <maml:description>
        <maml:para>Converts PowerShell scripts to batch files</maml:para>
      </maml:description>
    </command:details>
    <maml:description>
      <maml:para>This script converts one or more PowerShell scripts to .bat batch files.</maml:para>
    </maml:description>
    <command:syntax>
      <command:syntaxItem>
        <maml:name>Convert-PS2Bat</maml:name>
        <command:parameter required="true" variableLength="true" globbing="false" pipelineInput="False" position="1" aliases="none">
          <maml:name>Filepattern</maml:name>
          <maml:Description>
            <maml:para>Specifies the file pattern</maml:para>
          </maml:Description>
          <command:parameterValue required="true" variableLength="false">String</command:parameterValue>
          <dev:type>
            <maml:name>String</maml:name>
            <maml:uri />
          </dev:type>
          <dev:defaultValue>None</dev:defaultValue>
        </command:parameter>
      </command:syntaxItem>
    </command:syntax>
    <command:parameters>
      <command:parameter required="true" variableLength="true" globbing="false" pipelineInput="False" position="1" aliases="none">
        <maml:name>Filepattern</maml:name>
        <maml:Description>
          <maml:para>Specifies the file pattern</maml:para>
        </maml:Description>
        <command:parameterValue required="true" variableLength="false">String</command:parameterValue>
        <dev:type>
          <maml:name>String</maml:name>
          <maml:uri />
        </dev:type>
        <dev:defaultValue>None</dev:defaultValue>
      </command:parameter>
    </command:parameters>
    <command:inputTypes />
    <command:returnValues />
    <maml:alertSet>
      <maml:alert>
        <maml:para>Author: Kai Krutscho</maml:para>
      </maml:alert>
    </maml:alertSet>
    <command:examples>
      <command:example>
        <maml:title>-------------------------- BEISPIEL 1 --------------------------</maml:title>
        <dev:code>./convert-ps2bat *.ps1</dev:code>
        <dev:remarks>
          <maml:para></maml:para>
        </dev:remarks>
      </command:example>
    </command:examples>
    <command:relatedLinks>
      <maml:navigationLink>
        <maml:linkText>https://www.github.com/Kaimodo/TGH</maml:linkText>
        <maml:uri>https://www.github.com/Kaimodo/TGH</maml:uri>
      </maml:navigationLink>
    </command:relatedLinks>
  </command:command>
  <command:command xmlns:maml="http://schemas.microsoft.com/maml/2004/10" xmlns:command="http://schemas.microsoft.com/maml/dev/command/2004/10" xmlns:dev="http://schemas.microsoft.com/maml/dev/2004/10" xmlns:MSHelp="http://msdn.microsoft.com/mshelp">
    <command:details>
      <command:name>Convert-txt2wav</command:name>
      <command:verb>Convert</command:verb>
      <command:noun>txt2wav</command:noun>
      <maml:description>
        <maml:para>Converts text to a .WAV audio file</maml:para>
      </maml:description>
    </command:details>
    <maml:description>
      <maml:para>This script converts text to a .WAV audio file.</maml:para>
    </maml:description>
    <command:syntax>
      <command:syntaxItem>
        <maml:name>Convert-txt2wav</maml:name>
        <command:parameter required="true" variableLength="true" globbing="false" pipelineInput="False" position="1" aliases="none">
          <maml:name>Text</maml:name>
          <maml:Description>
            <maml:para>Specifies the text to use</maml:para>
          </maml:Description>
          <command:parameterValue required="true" variableLength="false">String</command:parameterValue>
          <dev:type>
            <maml:name>String</maml:name>
            <maml:uri />
          </dev:type>
          <dev:defaultValue>None</dev:defaultValue>
        </command:parameter>
        <command:parameter required="false" variableLength="true" globbing="false" pipelineInput="False" position="2" aliases="none">
          <maml:name>WavFile</maml:name>
          <maml:Description>
            <maml:para>Specifies the path to the resulting WAV file</maml:para>
          </maml:Description>
          <command:parameterValue required="true" variableLength="false">Int32</command:parameterValue>
          <dev:type>
            <maml:name>Int32</maml:name>
            <maml:uri />
          </dev:type>
          <dev:defaultValue>None</dev:defaultValue>
        </command:parameter>
      </command:syntaxItem>
    </command:syntax>
    <command:parameters>
      <command:parameter required="true" variableLength="true" globbing="false" pipelineInput="False" position="1" aliases="none">
        <maml:name>Text</maml:name>
        <maml:Description>
          <maml:para>Specifies the text to use</maml:para>
        </maml:Description>
        <command:parameterValue required="true" variableLength="false">String</command:parameterValue>
        <dev:type>
          <maml:name>String</maml:name>
          <maml:uri />
        </dev:type>
        <dev:defaultValue>None</dev:defaultValue>
      </command:parameter>
      <command:parameter required="false" variableLength="true" globbing="false" pipelineInput="False" position="2" aliases="none">
        <maml:name>WavFile</maml:name>
        <maml:Description>
          <maml:para>Specifies the path to the resulting WAV file</maml:para>
        </maml:Description>
        <command:parameterValue required="true" variableLength="false">Int32</command:parameterValue>
        <dev:type>
          <maml:name>Int32</maml:name>
          <maml:uri />
        </dev:type>
        <dev:defaultValue>None</dev:defaultValue>
      </command:parameter>
    </command:parameters>
    <command:inputTypes />
    <command:returnValues />
    <maml:alertSet>
      <maml:alert>
        <maml:para>Author: Kai Krutscho</maml:para>
      </maml:alert>
    </maml:alertSet>
    <command:examples>
      <command:example>
        <maml:title>-------------------------- BEISPIEL 1 --------------------------</maml:title>
        <dev:code>./convert-txt2wav "Hello World" spoken.wav</dev:code>
        <dev:remarks>
          <maml:para></maml:para>
        </dev:remarks>
      </command:example>
    </command:examples>
    <command:relatedLinks>
      <maml:navigationLink>
        <maml:linkText>https://www.github.com/Kaimodo/TGH</maml:linkText>
        <maml:uri>https://www.github.com/Kaimodo/TGH</maml:uri>
      </maml:navigationLink>
    </command:relatedLinks>
  </command:command>
  <command:command xmlns:maml="http://schemas.microsoft.com/maml/2004/10" xmlns:command="http://schemas.microsoft.com/maml/dev/command/2004/10" xmlns:dev="http://schemas.microsoft.com/maml/dev/2004/10" xmlns:MSHelp="http://msdn.microsoft.com/mshelp">
    <command:details>
      <command:name>Get-ADComputerByUser</command:name>
      <command:verb>Get</command:verb>
      <command:noun>ADComputerByUser</command:noun>
      <maml:description>
        <maml:para>Get's the AD-Computer the specific user was Last Logged on</maml:para>
      </maml:description>
    </command:details>
    <maml:description>
      <maml:para>This works ONLY if some Adaptions have been done to the AD, see here : https://lockstepgroup.com/blog/fun-with-ad-custom-attributes/</maml:para>
    </maml:description>
    <command:syntax>
      <command:syntaxItem>
        <maml:name>Get-ADComputerByUser</maml:name>
        <command:parameter required="false" variableLength="true" globbing="false" pipelineInput="True (ByPropertyName, ByValue)" position="1" aliases="none">
          <maml:name>Name</maml:name>
          <maml:Description>
            <maml:para>The Name or part of the UserName</maml:para>
          </maml:Description>
          <command:parameterValue required="true" variableLength="false">String</command:parameterValue>
          <dev:type>
            <maml:name>String</maml:name>
            <maml:uri />
          </dev:type>
          <dev:defaultValue>$env:USERNAME</dev:defaultValue>
        </command:parameter>
        <command:parameter required="false" variableLength="true" globbing="false" pipelineInput="False" position="2" aliases="none">
          <maml:name>Full</maml:name>
          <maml:Description>
            <maml:para>Returns the Full Computer Object</maml:para>
          </maml:Description>
          <dev:type>
            <maml:name>SwitchParameter</maml:name>
            <maml:uri />
          </dev:type>
          <dev:defaultValue>False</dev:defaultValue>
        </command:parameter>
      </command:syntaxItem>
    </command:syntax>
    <command:parameters>
      <command:parameter required="false" variableLength="true" globbing="false" pipelineInput="True (ByPropertyName, ByValue)" position="1" aliases="none">
        <maml:name>Name</maml:name>
        <maml:Description>
          <maml:para>The Name or part of the UserName</maml:para>
        </maml:Description>
        <command:parameterValue required="true" variableLength="false">String</command:parameterValue>
        <dev:type>
          <maml:name>String</maml:name>
          <maml:uri />
        </dev:type>
        <dev:defaultValue>$env:USERNAME</dev:defaultValue>
      </command:parameter>
      <command:parameter required="false" variableLength="true" globbing="false" pipelineInput="False" position="2" aliases="none">
        <maml:name>Full</maml:name>
        <maml:Description>
          <maml:para>Returns the Full Computer Object</maml:para>
        </maml:Description>
        <command:parameterValue required="false" variableLength="false">SwitchParameter</command:parameterValue>
        <dev:type>
          <maml:name>SwitchParameter</maml:name>
          <maml:uri />
        </dev:type>
        <dev:defaultValue>False</dev:defaultValue>
      </command:parameter>
    </command:parameters>
    <command:inputTypes>
      <command:inputType>
        <dev:type>
          <maml:name>System.String,</maml:name>
        </dev:type>
        <maml:description>
          <maml:para>System.Switch</maml:para>
        </maml:description>
      </command:inputType>
    </command:inputTypes>
    <command:returnValues>
      <command:returnValue>
        <dev:type>
          <maml:name>System.String</maml:name>
        </dev:type>
        <maml:description>
          <maml:para></maml:para>
        </maml:description>
      </command:returnValue>
    </command:returnValues>
    <maml:alertSet>
      <maml:alert>
        <maml:para>Author: Kai Krutscho</maml:para>
      </maml:alert>
    </maml:alertSet>
    <command:examples>
      <command:example>
        <maml:title>-------------------------- BEISPIEL 1 --------------------------</maml:title>
        <dev:code>Get-ADComputerByUser -Name "Admin" -Full</dev:code>
        <dev:remarks>
          <maml:para>Seaches the Computer where the Admin was logged on and Displays it with all Properties</maml:para>
        </dev:remarks>
      </command:example>
    </command:examples>
    <command:relatedLinks>
      <maml:navigationLink>
        <maml:linkText>https://github.com/kaimodo/ToModule.git</maml:linkText>
        <maml:uri>https://github.com/kaimodo/ToModule.git</maml:uri>
      </maml:navigationLink>
    </command:relatedLinks>
  </command:command>
  <command:command xmlns:maml="http://schemas.microsoft.com/maml/2004/10" xmlns:command="http://schemas.microsoft.com/maml/dev/command/2004/10" xmlns:dev="http://schemas.microsoft.com/maml/dev/2004/10" xmlns:MSHelp="http://msdn.microsoft.com/mshelp">
    <command:details>
      <command:name>Get-Decryption</command:name>
      <command:verb>Get</command:verb>
      <command:noun>Decryption</command:noun>
      <maml:description>
        <maml:para>Decrypt a given Pharse from a given File</maml:para>
      </maml:description>
    </command:details>
    <maml:description>
      <maml:para>Decrypts a Pharse like a Name or Key from a File. This can be Encyrpted with Set-Decryption</maml:para>
    </maml:description>
    <command:syntax>
      <command:syntaxItem>
        <maml:name>Get-Decryption</maml:name>
        <command:parameter required="true" variableLength="true" globbing="false" pipelineInput="True (ByValue)" position="1" aliases="none">
          <maml:name>FilePath</maml:name>
          <maml:Description>
            <maml:para>The File in which the Pharse is saved</maml:para>
          </maml:Description>
          <command:parameterValue required="true" variableLength="false">String</command:parameterValue>
          <dev:type>
            <maml:name>String</maml:name>
            <maml:uri />
          </dev:type>
          <dev:defaultValue>None</dev:defaultValue>
        </command:parameter>
        <command:parameter required="false" variableLength="true" globbing="false" pipelineInput="False" position="named" aliases="none">
          <maml:name>Silent</maml:name>
          <maml:Description>
            <maml:para>Just give the Return, Don't Write the Pharse on the Screen</maml:para>
          </maml:Description>
          <dev:type>
            <maml:name>SwitchParameter</maml:name>
            <maml:uri />
          </dev:type>
          <dev:defaultValue>False</dev:defaultValue>
        </command:parameter>
      </command:syntaxItem>
    </command:syntax>
    <command:parameters>
      <command:parameter required="true" variableLength="true" globbing="false" pipelineInput="True (ByValue)" position="1" aliases="none">
        <maml:name>FilePath</maml:name>
        <maml:Description>
          <maml:para>The File in which the Pharse is saved</maml:para>
        </maml:Description>
        <command:parameterValue required="true" variableLength="false">String</command:parameterValue>
        <dev:type>
          <maml:name>String</maml:name>
          <maml:uri />
        </dev:type>
        <dev:defaultValue>None</dev:defaultValue>
      </command:parameter>
      <command:parameter required="false" variableLength="true" globbing="false" pipelineInput="False" position="named" aliases="none">
        <maml:name>Silent</maml:name>
        <maml:Description>
          <maml:para>Just give the Return, Don't Write the Pharse on the Screen</maml:para>
        </maml:Description>
        <command:parameterValue required="false" variableLength="false">SwitchParameter</command:parameterValue>
        <dev:type>
          <maml:name>SwitchParameter</maml:name>
          <maml:uri />
        </dev:type>
        <dev:defaultValue>False</dev:defaultValue>
      </command:parameter>
    </command:parameters>
    <command:inputTypes>
      <command:inputType>
        <dev:type>
          <maml:name>System.String</maml:name>
        </dev:type>
        <maml:description>
          <maml:para></maml:para>
        </maml:description>
      </command:inputType>
    </command:inputTypes>
    <command:returnValues>
      <command:returnValue>
        <dev:type>
          <maml:name>System.File</maml:name>
        </dev:type>
        <maml:description>
          <maml:para></maml:para>
        </maml:description>
      </command:returnValue>
    </command:returnValues>
    <maml:alertSet>
      <maml:alert>
        <maml:para>Author: Kai Krutscho</maml:para>
      </maml:alert>
    </maml:alertSet>
    <command:examples>
      <command:example>
        <maml:title>-------------------------- BEISPIEL 1 --------------------------</maml:title>
        <dev:code>Get-Decryption -FilePath 'C:\key.key'</dev:code>
        <dev:remarks>
          <maml:para></maml:para>
        </dev:remarks>
      </command:example>
    </command:examples>
    <command:relatedLinks>
      <maml:navigationLink>
        <maml:linkText>https://www.github.com/kaimodo/TGH.git</maml:linkText>
        <maml:uri>https://www.github.com/kaimodo/TGH.git</maml:uri>
      </maml:navigationLink>
      <maml:navigationLink>
        <maml:linkText>about_comment_based_help</maml:linkText>
        <maml:uri></maml:uri>
      </maml:navigationLink>
    </command:relatedLinks>
  </command:command>
  <command:command xmlns:maml="http://schemas.microsoft.com/maml/2004/10" xmlns:command="http://schemas.microsoft.com/maml/dev/command/2004/10" xmlns:dev="http://schemas.microsoft.com/maml/dev/2004/10" xmlns:MSHelp="http://msdn.microsoft.com/mshelp">
    <command:details>
      <command:name>Get-GitSheet</command:name>
      <command:verb>Get</command:verb>
      <command:noun>GitSheet</command:noun>
      <maml:description>
        <maml:para>Show basic Git Commands</maml:para>
      </maml:description>
    </command:details>
    <maml:description>
      <maml:para>Show a Cheet Sheet of the most basic Git Commands</maml:para>
    </maml:description>
    <command:syntax>
      <command:syntaxItem>
        <maml:name>Get-GitSheet</maml:name>
      </command:syntaxItem>
    </command:syntax>
    <command:parameters />
    <command:inputTypes />
    <command:returnValues />
    <maml:alertSet>
      <maml:alert>
        <maml:para>Author: Kai Krutscho</maml:para>
      </maml:alert>
    </maml:alertSet>
    <command:examples>
      <command:example>
        <maml:title>-------------------------- BEISPIEL 1 --------------------------</maml:title>
        <dev:code>TBD</dev:code>
        <dev:remarks>
          <maml:para></maml:para>
        </dev:remarks>
      </command:example>
    </command:examples>
    <command:relatedLinks>
      <maml:navigationLink>
        <maml:linkText>https://github.com/kaimodo/ToModule.git</maml:linkText>
        <maml:uri>https://github.com/kaimodo/ToModule.git</maml:uri>
      </maml:navigationLink>
    </command:relatedLinks>
  </command:command>
  <command:command xmlns:maml="http://schemas.microsoft.com/maml/2004/10" xmlns:command="http://schemas.microsoft.com/maml/dev/command/2004/10" xmlns:dev="http://schemas.microsoft.com/maml/dev/2004/10" xmlns:MSHelp="http://msdn.microsoft.com/mshelp">
    <command:details>
      <command:name>Get-HelpMessage</command:name>
      <command:verb>Get</command:verb>
      <command:noun>HelpMessage</command:noun>
      <maml:description>
        <maml:para>Function to explain why an error occurred and provides problem-solving information. Equivalent of NET HELPMSG</maml:para>
      </maml:description>
    </command:details>
    <maml:description>
      <maml:para>Function to explain why an error occurred and provides problem-solving information. Equivalent of NET HELPMSG. The function also create an alias called HelpMsg, so you can call the function this way: HelpMsg 618</maml:para>
    </maml:description>
    <command:syntax>
      <command:syntaxItem>
        <maml:name>Get-HelpMessage</maml:name>
        <command:parameter required="false" variableLength="true" globbing="false" pipelineInput="False" position="1" aliases="none">
          <maml:name>Id</maml:name>
          <maml:Description>
            <maml:para>Specify the ID of the error you want to retrieve. Can be decimal, hexadecimal</maml:para>
          </maml:Description>
          <command:parameterValue required="true" variableLength="false">Object</command:parameterValue>
          <dev:type>
            <maml:name>Object</maml:name>
            <maml:uri />
          </dev:type>
          <dev:defaultValue>None</dev:defaultValue>
        </command:parameter>
      </command:syntaxItem>
    </command:syntax>
    <command:parameters>
      <command:parameter required="false" variableLength="true" globbing="false" pipelineInput="False" position="1" aliases="none">
        <maml:name>Id</maml:name>
        <maml:Description>
          <maml:para>Specify the ID of the error you want to retrieve. Can be decimal, hexadecimal</maml:para>
        </maml:Description>
        <command:parameterValue required="true" variableLength="false">Object</command:parameterValue>
        <dev:type>
          <maml:name>Object</maml:name>
          <maml:uri />
        </dev:type>
        <dev:defaultValue>None</dev:defaultValue>
      </command:parameter>
    </command:parameters>
    <command:inputTypes />
    <command:returnValues />
    <maml:alertSet>
      <maml:alert>
        <maml:para>http://www.leeholmes.com/blog/2009/09/15/powershell-equivalent-of-net-helpmsg/</maml:para>
      </maml:alert>
    </maml:alertSet>
    <command:examples>
      <command:example>
        <maml:title>-------------------------- BEISPIEL 1 --------------------------</maml:title>
        <dev:code>Get-HelpMessage 618</dev:code>
        <dev:remarks>
          <maml:para>The specified compression format is unsupported</maml:para>
        </dev:remarks>
      </command:example>
      <command:example>
        <maml:title>-------------------------- BEISPIEL 2 --------------------------</maml:title>
        <dev:code>Get-HelpMessage 0x80070652</dev:code>
        <dev:remarks>
          <maml:para>Another installation is already in progress. Complete that installation before proceeding with this install</maml:para>
        </dev:remarks>
      </command:example>
      <command:example>
        <maml:title>-------------------------- BEISPIEL 3 --------------------------</maml:title>
        <dev:code>Get-HelpMessage -2147023278</dev:code>
        <dev:remarks>
          <maml:para>Another installation is already in progress. Complete that installation before proceeding with this install</maml:para>
        </dev:remarks>
      </command:example>
    </command:examples>
    <command:relatedLinks>
      <maml:navigationLink>
        <maml:linkText>https://github.com/lazywinadmin/PowerShell</maml:linkText>
        <maml:uri>https://github.com/lazywinadmin/PowerShell</maml:uri>
      </maml:navigationLink>
    </command:relatedLinks>
  </command:command>
  <command:command xmlns:maml="http://schemas.microsoft.com/maml/2004/10" xmlns:command="http://schemas.microsoft.com/maml/dev/command/2004/10" xmlns:dev="http://schemas.microsoft.com/maml/dev/2004/10" xmlns:MSHelp="http://msdn.microsoft.com/mshelp">
    <command:details>
      <command:name>Get-PubIP</command:name>
      <command:verb>Get</command:verb>
      <command:noun>PubIP</command:noun>
      <maml:description>
        <maml:para>Small little Helper for Public IP</maml:para>
      </maml:description>
    </command:details>
    <maml:description>
      <maml:para>Just use to get your current Public IP Address</maml:para>
    </maml:description>
    <command:syntax>
      <command:syntaxItem>
        <maml:name>Get-PubIP</maml:name>
      </command:syntaxItem>
    </command:syntax>
    <command:parameters />
    <command:inputTypes />
    <command:returnValues />
    <maml:alertSet>
      <maml:alert>
        <maml:para>Author: Kai Krutscho</maml:para>
      </maml:alert>
    </maml:alertSet>
    <command:examples>
      <command:example>
        <maml:title>-------------------------- BEISPIEL 1 --------------------------</maml:title>
        <dev:code>Get-PubIP</dev:code>
        <dev:remarks>
          <maml:para></maml:para>
        </dev:remarks>
      </command:example>
    </command:examples>
    <command:relatedLinks>
      <maml:navigationLink>
        <maml:linkText>https://www.github.com/Kaimodo/TGH.git</maml:linkText>
        <maml:uri>https://www.github.com/Kaimodo/TGH.git</maml:uri>
      </maml:navigationLink>
    </command:relatedLinks>
  </command:command>
  <command:command xmlns:maml="http://schemas.microsoft.com/maml/2004/10" xmlns:command="http://schemas.microsoft.com/maml/dev/command/2004/10" xmlns:dev="http://schemas.microsoft.com/maml/dev/2004/10" xmlns:MSHelp="http://msdn.microsoft.com/mshelp">
    <command:details>
      <command:name>Get-WindowsProductKey</command:name>
      <command:verb>Get</command:verb>
      <command:noun>WindowsProductKey</command:noun>
      <maml:description>
        <maml:para>Get the Windows product key and some usefull informations about the system</maml:para>
      </maml:description>
    </command:details>
    <maml:description>
      <maml:para>Get the Windows product key from a local or remote system and some informations like Serialnumber, Windows version, Bit-Version etc. from one or more computers. Remote computers need WinRM enabled. To do this use "winrm quickconfig".</maml:para>
      <maml:para>Basic Logic found on: http://powershell.com/cs/blogs/tips/archive/2012/04/30/getting-windows-product-key.aspx</maml:para>
    </maml:description>
    <command:syntax>
      <command:syntaxItem>
        <maml:name>Get-WindowsProductKey</maml:name>
        <command:parameter required="false" variableLength="true" globbing="false" pipelineInput="False" position="1" aliases="none">
          <maml:name>ComputerName</maml:name>
          <maml:Description>
            <maml:para>ComputerName or IPv4-Address of the remote computer</maml:para>
          </maml:Description>
          <command:parameterValue required="true" variableLength="false">String[]</command:parameterValue>
          <dev:type>
            <maml:name>String[]</maml:name>
            <maml:uri />
          </dev:type>
          <dev:defaultValue>$env:COMPUTERNAME</dev:defaultValue>
        </command:parameter>
        <command:parameter required="false" variableLength="true" globbing="false" pipelineInput="False" position="2" aliases="none">
          <maml:name>Credential</maml:name>
          <maml:Description>
            <maml:para>Credentials to authenticate agains a remote computer</maml:para>
          </maml:Description>
          <command:parameterValue required="true" variableLength="false">PSCredential</command:parameterValue>
          <dev:type>
            <maml:name>PSCredential</maml:name>
            <maml:uri />
          </dev:type>
          <dev:defaultValue>None</dev:defaultValue>
        </command:parameter>
      </command:syntaxItem>
    </command:syntax>
    <command:parameters>
      <command:parameter required="false" variableLength="true" globbing="false" pipelineInput="False" position="1" aliases="none">
        <maml:name>ComputerName</maml:name>
        <maml:Description>
          <maml:para>ComputerName or IPv4-Address of the remote computer</maml:para>
        </maml:Description>
        <command:parameterValue required="true" variableLength="false">String[]</command:parameterValue>
        <dev:type>
          <maml:name>String[]</maml:name>
          <maml:uri />
        </dev:type>
        <dev:defaultValue>$env:COMPUTERNAME</dev:defaultValue>
      </command:parameter>
      <command:parameter required="false" variableLength="true" globbing="false" pipelineInput="False" position="2" aliases="none">
        <maml:name>Credential</maml:name>
        <maml:Description>
          <maml:para>Credentials to authenticate agains a remote computer</maml:para>
        </maml:Description>
        <command:parameterValue required="true" variableLength="false">PSCredential</command:parameterValue>
        <dev:type>
          <maml:name>PSCredential</maml:name>
          <maml:uri />
        </dev:type>
        <dev:defaultValue>None</dev:defaultValue>
      </command:parameter>
    </command:parameters>
    <command:inputTypes />
    <command:returnValues />
    <maml:alertSet>
      <maml:alert>
        <maml:para></maml:para>
      </maml:alert>
    </maml:alertSet>
    <command:examples>
      <command:example>
        <maml:title>-------------------------- BEISPIEL 1 --------------------------</maml:title>
        <dev:code>Get-WindowsProductKey</dev:code>
        <dev:remarks>
          <maml:para>ComputerName   : TEST-PC-01 WindowsVersion : Microsoft Windows 10 Pro CSDVersion     : BitVersion     : 64-bit BuildNumber    : 10586 ProductID      : 00000-00000-00000-00000 ProductKey     : XXXXX-XXXXX-XXXXX-XXXXX-XXXXX</maml:para>
        </dev:remarks>
      </command:example>
      <command:example>
        <maml:title>-------------------------- BEISPIEL 2 --------------------------</maml:title>
        <dev:code>Get-WindowsProductKey -ComputerName TEST-PC-01,TEST-PC-02</dev:code>
        <dev:remarks>
          <maml:para>ComputerName   : TEST-PC-01 WindowsVersion : Microsoft Windows 10 Pro CSDVersion     : BitVersion     : 64-bit BuildNumber    : 10586 ProductID      : 00000-00000-00000-00000 ProductKey     : XXXXX-XXXXX-XXXXX-XXXXX-XXXXX ComputerName   : TEST-PC-02 WindowsVersion : Microsoft Windows 10 Pro CSDVersion     : BitVersion     : 64-bit BuildNumber    : 10586 ProductID      : 00000-00000-00000-00000 ProductKey     : XXXXX-XXXXX-XXXXX-XXXXX-XXXXX</maml:para>
        </dev:remarks>
      </command:example>
    </command:examples>
    <command:relatedLinks>
      <maml:navigationLink>
        <maml:linkText>https://github.com/BornToBeRoot/PowerShell/blob/master/Documentation/Function/Get-WindowsProductKey.README.md</maml:linkText>
        <maml:uri>https://github.com/BornToBeRoot/PowerShell/blob/master/Documentation/Function/Get-WindowsProductKey.README.md</maml:uri>
      </maml:navigationLink>
    </command:relatedLinks>
  </command:command>
  <command:command xmlns:maml="http://schemas.microsoft.com/maml/2004/10" xmlns:command="http://schemas.microsoft.com/maml/dev/command/2004/10" xmlns:dev="http://schemas.microsoft.com/maml/dev/2004/10" xmlns:MSHelp="http://msdn.microsoft.com/mshelp">
    <command:details>
      <command:name>New-SS</command:name>
      <command:verb>New</command:verb>
      <command:noun>SS</command:noun>
      <maml:description>
        <maml:para>Take a Screenshot and save it to BMP</maml:para>
      </maml:description>
    </command:details>
    <maml:description>
      <maml:para>This function take a screenshot of your computer and saves it to a file of your choosing. It will only capture a single screen on a multi-monitor setup.</maml:para>
    </maml:description>
    <command:syntax>
      <command:syntaxItem>
        <maml:name>New-SS</maml:name>
        <command:parameter required="true" variableLength="true" globbing="false" pipelineInput="False" position="1" aliases="none">
          <maml:name>FilePath</maml:name>
          <maml:Description>
            <maml:para>A mandatory parameter that specifies where you'd like the screenshot image to be saved. If a file is detected in this path, the function will not allow the capture to happen. There must be no file at this location. You may choose file extensions of JPG, JPEG and BMP.</maml:para>
          </maml:Description>
          <command:parameterValue required="true" variableLength="false">String</command:parameterValue>
          <dev:type>
            <maml:name>String</maml:name>
            <maml:uri />
          </dev:type>
          <dev:defaultValue>None</dev:defaultValue>
        </command:parameter>
      </command:syntaxItem>
    </command:syntax>
    <command:parameters>
      <command:parameter required="true" variableLength="true" globbing="false" pipelineInput="False" position="1" aliases="none">
        <maml:name>FilePath</maml:name>
        <maml:Description>
          <maml:para>A mandatory parameter that specifies where you'd like the screenshot image to be saved. If a file is detected in this path, the function will not allow the capture to happen. There must be no file at this location. You may choose file extensions of JPG, JPEG and BMP.</maml:para>
        </maml:Description>
        <command:parameterValue required="true" variableLength="false">String</command:parameterValue>
        <dev:type>
          <maml:name>String</maml:name>
          <maml:uri />
        </dev:type>
        <dev:defaultValue>None</dev:defaultValue>
      </command:parameter>
    </command:parameters>
    <command:inputTypes>
      <command:inputType>
        <dev:type>
          <maml:name>System.String</maml:name>
        </dev:type>
        <maml:description>
          <maml:para></maml:para>
        </maml:description>
      </command:inputType>
    </command:inputTypes>
    <command:returnValues>
      <command:returnValue>
        <dev:type>
          <maml:name>System.IO.FileInfo</maml:name>
        </dev:type>
        <maml:description>
          <maml:para></maml:para>
        </maml:description>
      </command:returnValue>
    </command:returnValues>
    <maml:alertSet>
      <maml:alert>
        <maml:para>Author: Kai Krutscho</maml:para>
      </maml:alert>
    </maml:alertSet>
    <command:examples>
      <command:example>
        <maml:title>-------------------------- BEISPIEL 1 --------------------------</maml:title>
        <dev:code>New-ScreenShot -FilePath C:\Screenshot.bmp</dev:code>
        <dev:remarks>
          <maml:para>This example will capture a screenshot of your current screen and save it to a BITMAP file at C:\ScreenShot.bmp.</maml:para>
        </dev:remarks>
      </command:example>
    </command:examples>
    <command:relatedLinks>
      <maml:navigationLink>
        <maml:linkText>https://www.github.com/kaimodo/TGH</maml:linkText>
        <maml:uri>https://www.github.com/kaimodo/TGH</maml:uri>
      </maml:navigationLink>
      <maml:navigationLink>
        <maml:linkText>about_comment_based_help</maml:linkText>
        <maml:uri></maml:uri>
      </maml:navigationLink>
    </command:relatedLinks>
  </command:command>
  <command:command xmlns:maml="http://schemas.microsoft.com/maml/2004/10" xmlns:command="http://schemas.microsoft.com/maml/dev/command/2004/10" xmlns:dev="http://schemas.microsoft.com/maml/dev/2004/10" xmlns:MSHelp="http://msdn.microsoft.com/mshelp">
    <command:details>
      <command:name>Search-Google</command:name>
      <command:verb>Search</command:verb>
      <command:noun>Google</command:noun>
      <maml:description>
        <maml:para>Google Suche verwenden</maml:para>
      </maml:description>
    </command:details>
    <maml:description>
      <maml:para>Schnell eine Google-Suche von Powershell starten</maml:para>
    </maml:description>
    <command:syntax>
      <command:syntaxItem>
        <maml:name>Search-Google</maml:name>
      </command:syntaxItem>
    </command:syntax>
    <command:parameters />
    <command:inputTypes />
    <command:returnValues />
    <maml:alertSet>
      <maml:alert>
        <maml:para>Author: Kai Krutscho</maml:para>
      </maml:alert>
    </maml:alertSet>
    <command:examples>
      <command:example>
        <maml:title>-------------------------- BEISPIEL 1 --------------------------</maml:title>
        <dev:code>Search-Google Error code 5</dev:code>
        <dev:remarks>
          <maml:para>--New google search results will open listing top entries for 'error code 5'</maml:para>
        </dev:remarks>
      </command:example>
      <command:example>
        <maml:title>-------------------------- BEISPIEL 2 --------------------------</maml:title>
        <dev:code>search-google (gwmi win32_baseboard).Product maximum ram</dev:code>
        <dev:remarks>
          <maml:para>If you need to get the maximum ram for your motherboard, you can even use this type of syntax</maml:para>
        </dev:remarks>
      </command:example>
    </command:examples>
    <command:relatedLinks>
      <maml:navigationLink>
        <maml:linkText>https://www.github.com/kaimodo/ToModule</maml:linkText>
        <maml:uri>https://www.github.com/kaimodo/ToModule</maml:uri>
      </maml:navigationLink>
      <maml:navigationLink>
        <maml:linkText>about_comment_based_help</maml:linkText>
        <maml:uri></maml:uri>
      </maml:navigationLink>
    </command:relatedLinks>
  </command:command>
  <command:command xmlns:maml="http://schemas.microsoft.com/maml/2004/10" xmlns:command="http://schemas.microsoft.com/maml/dev/command/2004/10" xmlns:dev="http://schemas.microsoft.com/maml/dev/2004/10" xmlns:MSHelp="http://msdn.microsoft.com/mshelp">
    <command:details>
      <command:name>Set-Encryption</command:name>
      <command:verb>Set</command:verb>
      <command:noun>Encryption</command:noun>
      <maml:description>
        <maml:para>Encrypt a given Pharse into a given File</maml:para>
      </maml:description>
    </command:details>
    <maml:description>
      <maml:para>Encrypts a Pharse like a Name or Key into a File. This can be Decyrpted with Get-Encryption again</maml:para>
    </maml:description>
    <command:syntax>
      <command:syntaxItem>
        <maml:name>Set-Encryption</maml:name>
        <command:parameter required="true" variableLength="true" globbing="false" pipelineInput="False" position="1" aliases="none">
          <maml:name>FilePath</maml:name>
          <maml:Description>
            <maml:para>The File in which the Pharse should be saved after encryption</maml:para>
          </maml:Description>
          <command:parameterValue required="true" variableLength="false">String</command:parameterValue>
          <dev:type>
            <maml:name>String</maml:name>
            <maml:uri />
          </dev:type>
          <dev:defaultValue>None</dev:defaultValue>
        </command:parameter>
        <command:parameter required="false" variableLength="true" globbing="false" pipelineInput="False" position="2" aliases="none">
          <maml:name>Pharse</maml:name>
          <maml:Description>
            <maml:para>The Pharse which should be encrypted</maml:para>
          </maml:Description>
          <command:parameterValue required="true" variableLength="false">String</command:parameterValue>
          <dev:type>
            <maml:name>String</maml:name>
            <maml:uri />
          </dev:type>
          <dev:defaultValue>None</dev:defaultValue>
        </command:parameter>
      </command:syntaxItem>
    </command:syntax>
    <command:parameters>
      <command:parameter required="true" variableLength="true" globbing="false" pipelineInput="False" position="1" aliases="none">
        <maml:name>FilePath</maml:name>
        <maml:Description>
          <maml:para>The File in which the Pharse should be saved after encryption</maml:para>
        </maml:Description>
        <command:parameterValue required="true" variableLength="false">String</command:parameterValue>
        <dev:type>
          <maml:name>String</maml:name>
          <maml:uri />
        </dev:type>
        <dev:defaultValue>None</dev:defaultValue>
      </command:parameter>
      <command:parameter required="false" variableLength="true" globbing="false" pipelineInput="False" position="2" aliases="none">
        <maml:name>Pharse</maml:name>
        <maml:Description>
          <maml:para>The Pharse which should be encrypted</maml:para>
        </maml:Description>
        <command:parameterValue required="true" variableLength="false">String</command:parameterValue>
        <dev:type>
          <maml:name>String</maml:name>
          <maml:uri />
        </dev:type>
        <dev:defaultValue>None</dev:defaultValue>
      </command:parameter>
    </command:parameters>
    <command:inputTypes>
      <command:inputType>
        <dev:type>
          <maml:name>System.String</maml:name>
        </dev:type>
        <maml:description>
          <maml:para></maml:para>
        </maml:description>
      </command:inputType>
    </command:inputTypes>
    <command:returnValues>
      <command:returnValue>
        <dev:type>
          <maml:name>System.File</maml:name>
        </dev:type>
        <maml:description>
          <maml:para></maml:para>
        </maml:description>
      </command:returnValue>
    </command:returnValues>
    <maml:alertSet>
      <maml:alert>
        <maml:para>Author: Kai Krutscho</maml:para>
      </maml:alert>
    </maml:alertSet>
    <command:examples>
      <command:example>
        <maml:title>-------------------------- BEISPIEL 1 --------------------------</maml:title>
        <dev:code>Set-Encryption -FilePath 'C:\key.key' -Pharse 'UltraSecretPasswrd'</dev:code>
        <dev:remarks>
          <maml:para></maml:para>
        </dev:remarks>
      </command:example>
    </command:examples>
    <command:relatedLinks>
      <maml:navigationLink>
        <maml:linkText>https://www.github.com/kaimodo/TGH.git</maml:linkText>
        <maml:uri>https://www.github.com/kaimodo/TGH.git</maml:uri>
      </maml:navigationLink>
      <maml:navigationLink>
        <maml:linkText>about_comment_based_help</maml:linkText>
        <maml:uri></maml:uri>
      </maml:navigationLink>
    </command:relatedLinks>
  </command:command>
</helpItems>